protein_id,gene_name,sequence
P00000,QseB,MKRWVAWFWAAMMVLVIAHTTCGQGCALFCSCLCSSWHNRIGLDWTHYEQYRIRYQKITCDINALYDGHYVMWFWMNLIKEFIKRRSQIVLYGNCHSDPDVMIGAAIFSMFEGQWKNMQSAPPCEGFDAEYCFDKYGVGWNMCRNNKCDNSADYCKWRVMSTFNMRDAYSCCDIRHGKYAIDERGRDQYQENTHKDPRVWAGCQGQEIDWQYTIQGSWQWDLWKYPHQKWRYQGEITKAYQMDKQKEEICKQKSTSNDMQVFSYFDNAKKEDTCAIP
P00001,PmrA,NNQRRKWYIWGYWEHENPDNCCKAIGGVTNGIWLAPTDIQDSPYTPGTQTIMYAHTLMKKFTKTWHKHPMQWMPQPAINWNIIPNSAPHFIQPRTRYVVCEAEVFWRIYTANWRKHCKLCWMPLQVWKHDYGCGDSICTKNDMAPRFTGMVEDPKGNCDDNRKIMSEAHCFHEFAARYWLVDMRMTTGFICSYNGAETPVFDMPEQMLWVGRLFFLFDGEVKTPRYTPSEFFKTPCPWDLCPWTQNNMHEWADPRCMEWTDVIWFHIFTFEWCMPRNMHFTYKQNGTWWSNNYGEGMARMWVTWQVWRREHPDSKIYPTTTAIWGDFPRQSVMDLLSNCKDRDWVITIHHDAEFARFPIIFKAEDCIKCQQEGMDIDQPPCPWGSCITCLSGCCPRCHDIQHHATKPWWTLLEIYYVQVQYREPIVNQCVCMKNTRTVGTVI
P00002,BfpR,MAMWKCNEEVRWPWTGSNWFTALRMPFANMTERKYWWNFLTFSHKDRSVQDNKHKPVFPECSKKGMAEPPPCKIHEVDGNNIAEMDPTLNRLQPFGCTEQLDDRGTNYMEGAYSRTINLRKCFGHAHYNSSMEPHERWKMIAIPEIDKCCPRNEIKFYVMRKTNHLLPWMPIIERMMATRYGRKQVTVFYYKMAVGCRQFGGVQLQPDGINPMNATSMPVMNGKSEDSNMFVWGVGENWCTMMSCCIPLIERAMHTYVNKFLEFLMLICISFDNPPLEKCWAHTDYYDDTHQTVPYYVEAVAPYYLMKKFATCPKEFMWDNWWPHRHIFQELYRVYPIKSWSHQQERDFADRIECLEDCTYPFKGFLIHHGYDWRENGWERKFPVFSWQSREHSITSLLCKTMLTESYRFGTAWETKCIRHGARHTCKKPGGYYDTTNSRPATDREEVTWMYDIQAQCEWGATIWAFSGIPSDWNSMLYENCWFIHQDV
P00003,KdpE,MKRIVLLAALFMIMILAFAFQFAVSKWFCRHEAPYHRQWYVLKILTCGFKFVYKTTNHDLCDSCLGMHRGYKYNWYDRCCDGRLKASGKECEAWLRWSECPATPEHTKEWALEKPQLGSGTLVVDYRREKWTMKLVYPIHTRYRAQFMSCIMVDAMSVSLVGWEPQDLGAQIWQLTKGMHTAFKVCMGIEVMFRVCMPEHMERADQGVAGGSFTLVHDPRYWDEFAENLYPQFEQLTLHSATKGWPDHKFLTNSDKRFPQYRSPTICFGNVATMLWQLRWECKLMQHRWRIMKRAAWDLIRLAVCWPACSRPSTHTHPFTDHTHATTMDRMSKASKWNWKHQWWCKPRDMQIVWSCIGNRIERYTPVCPPR
P00004,QseC,MKRIVMIIIFFIWFLILLMMMCTKCRSEIKFSPHYTDFWNHKGTSDELFLNLPMSIIIPCNLNMRSTCVNWVTGRDGDAPQPEHLHRREGYFYNAIAFGDRFQVSGQIHIPGVCIMAGS
P00005,KdpD,MKRIMWIMVIMIIWWMMADYMWMSDGQVTERMDDSFLWEWMCLMYSWMQCFFWNVETLYGQMMVVMNFKKLWAHEARINVRTQQVYVSAMRNIYGDPPCFTGCEMINIMYIITYYSQMHSPRSKDW
P00006,FTN_1453,TRIRQYHNTTLWQMCVHNCYVGLYRFYDFIIINIMQILHTEPEFEVGCMQFGLIQDNSTALLCKPSVWNITRLRRHPTKIYVPSKNNGWHDSVSHEIPPTTFGWPQEHIPGGDDPCSGIIGQDLDNTFYKYHEPPLVTYYPTEAARPTIVPQIIRPHFTSCVTHPVQVPMSTIWYRKYLNYAYKRANDMCSKRNAPQIINAMILWMHMTAIGVGFPWIKTDWMTWCIWHTGWGCGFWYETMEPYTKEQWDQIALVSIANISVEGNKRSNQPCDLKYILWDFDSTRDNKNRCVYNESSACDYTYAYGRQYRQ
P00007,IglA,FGTMSNREVDIDIVLYTIMFPFPGFKSCAIWMNNHPIKHRCYNAIFRAALLRTGDPSIRTTPTGTSQPGDQQRIRPTDGFTCRFYGGVVETQQPHNRWMRNDTDWYEDSNITHMVADEPGQFSR
P00008,IglB,ISSEPPCDIRMKHPCIHNWHLSDLGVVFHCMPFGQNEGLVRIKFLYGSDLMMTEETKWFGDAYSMPLDKNQAVTKKLWRFRYCPSRLQLQKQDYSCLDMMPHTCNLVMSTWVDSGNMRRSLNPEHCRIHRQINPMTTEIFSERNFSQLHPYFDRERQYWPLFYYGECSVFEPWCPMEYYREKHWWGGYRRYKEVVFYMFENCPLKLHEWLDWCYLCCTSSQHMAMEHRVNTAMARLHCLENWMIVMMPDNDLTCTSCYGLLIAPKLRFSPYVMKSCCNIKNKLCSYHCAWECQCRNFYHLQQFVQCNGEPEQSEAPEYVGDPSFEIWQHQGNSTPQHQ
P00009,IglC,MKRAAFWLVMMILWIFWIADTWQIPYDFKGCPFIAYNMHRMSDYQDARATCYGISWADDFNNYPYKHEWWGPMPPYRPMWIYILSWMPKYWSHWNRQMLMGCMWGQYGTLADIIYRHMHENGQNMWFQSPYEMTHQMKPVMRWAEQQDTDSQYPRQWGLRYGLHTVTKLLHSVGYAANCETEMEAHVKDIWEVYMQVSDREFTHSQSHKEMCNNEVHAPGGNIWFVFLALFNHKNAMRCYHNVDHMVNGFANMEVETCCNGLSQHWTKPFFLLHRHRDWLRDGNRGPWDIIYREWDPISPDSKQPHRHGCKTFNALMSQITVNTQSQKEMGRFMVPMQVWRKIYAEQCSDIGSSHPPFYVRVCLPVRNRPVRMWDHQQPNKAWMWVN
P00010,IglD,AWYTFDCDISGPSSDPQINIKAGWMMPMVRAHPNVWRIWLHVSYGKPISPPTYFTKCVKGMGGPMQCIDDAWVTYPDAEPTMCSCWWSWKALWACSNIVCPGGKSMHLLYVYKREIKPKETSRDYFFYRVRCPELPLKIDSQKMDFLPEPNFLKYHCHIHQWFVYNTPCPHLGDDVMYFWWRSKERNDQTWGEHWTSRIWIVSYWLTPPHLCEGVGTQMWCDMGQWSHIWYSHKPAIEDDPIHASGHNKMLAVEFKTDSFSDYRDYQSTYVVQVRRGRVEIRDRPKCIYTPACRNQCVHGQICTFQYDFSVTMTSCEHC
P00011,PdpA,HFFYSWKFIKFLCKMECGQAVHAAAEEVMALKEGSCVLTPVPTFMHLTRVWCEDHVLHIGAEQTYVMQKRNLWWGYGIATTRHWDMYWKLCASVTGQRQDWNCDVAYGFAWASNISAELMTHNHNRCQPEQQSHWCLVTFNGKYARGWVGPAPHRNAREPFCASGSQDRDCAKKHDVMHKAQYGHLHCETALWRLWNSKRTQVCEVHPRAMLFSMGKPIQATFCKETTVSIMVLPTVLSYFPVTKQTEVYRMNKPRRFWYQTVDCALWTNANTDMTDIYEHQQESATLSSIHGSYSHKQMQHAPYDYEMCQNTNNAPQCNSEICLKRPTSCYYQDNICEQSWCNQGPEVNYWIHSWGYMFSHFMRDFFKRDGTIMGILDQQLNGNQCKLTTDWANHELPCLEVFWCNTLCGIWMNKCIMELYSIELNQSVNVHYHKAGGNNLGTWVGWL
P00012,PdpB,MKRFMAFWAIVLALLVIVQYLLMCYIHIACVRAFCYDWVVQINLYTMCEARPIELWVFWSANCIVSFPWDINCMNVPFNCFHNSIKRFPFMLYPKQVRLHIDRSEGAEMNFSPPTHIPSEISLNNFSAKNFYDFCQCPHLPSQMLGEAHKIFWLMRGRFWWLNEVSIENCEFDKVMDCKQEKPVRLSNYFCLAHTSDQLHTGETKEHCTIRRISWMCTS
P00013,ChiA,MKRWILFLFLIFAFVAVWTNENYRSFRTVFPWPVQEEYYWPNHNECCFLLKPHFLLGWIATHQTKTFYIGMWEVAPQAMTENLGAHSQYYGFVRGWAAPDLDKIDPGPYYNPCSGWPTKTCWWHLLYKTRCEWTFHVHTHEIPEGFNEKEWQFVLWNVTMDTARKRDWPNYATPALRHVSQVHTVNICHEVGKKQIWDVFQEHYNCMQSYGERAHNLFNVLGNHVCLRNTEHKWHCGVGPWCNRQGVFVDDLWDNSTHPCELHTYGWFLKPWGEDDEFISDNIP
P00014,ChiB,MKRMIFALAIAAVAMLVLMRMDDNFYHHPKPNPLAISPDDFMHLLYCDIMPHPCGKYCVSNHHTPMGQGGCYRTIFTYAVRFHVGFWLRLSNVASGDCCPKSFHPYPHLRGFCRSWKWHEDYMAGMAHGQCEMRVADDHAMGYDWCVNLFKCCGLVNETRGSTDLFQPGNIFRSASFDYRPSMCGGQMIIAHGIWYIQVSKRLSEYPFHKISGSGQAKPWTMIFLHLEKQCKALLYDGGCVCNFYHSYAATAYPKRDQMNPPALDESISTWRSRCMARWEMFDPLMVCHKLVHHDNHTAFSRCKHEYVEPADSESWAFWMPYFEEEEYVVSKVCENHRHTSWKQTFCYSQQADHRWYCWKWFVSENHQNDFTLLMTFPLKTAEEVKVQRGLREVVTNHSMQDWVLGPLVYSGPEQAYFINCNF
P00015,CbpA,MKRMAVAFIFVLMIVAMFKCDQEWPHNDKCKNNRCVPQFLNLMCFHGDPDGMTLNTECMHCVEIYQNVMICRKWYIWFMRIWIWVLHKAWFWARSHNIFLFTFRPAMAMVVSPHASATGCTGQVGLVKILTGQGHNDQWSHIVPKLKRYCPCWCDGDLGSTWDVHKYNFDMEFAVNPKCFPSSDEMQDSRLKMSLTWCCGWIDQSADVKGALGNEPTIYDNHNCQFKMFDTCAHQFWMCIKDCHFFYPYGYVCGKDAAWFPWNSWDNFCHPRDYFIAIVYSVYNPPLHQSRNKIVVPVRETFSKLVTVHEFSDVQRTATMTQYWHPVQAHIVKATWGDFCYELLMSTSHSDSINDTVMESTKGYCKGDYGHAAFGPCRRPQHQLTQIESPYVQVFKDIYLWDMMTSHEWNRMFFRVMNCYRYEVGWMCIMFVVQLDKDMNNDHQMHLMRWSYNVPFEQIKWDFVAIWTTMCGQ
P00016,PepO,MKRLMVVWWMAWFLFLFAQGWGVFGCIRRMAVNNMIHCMLDYLVQVILPIEEFATCIHRFCHIHHQVGELVNSHGFDNRLYWSMIDHHQCLWKSWVKSPLYQNWHRSILEWWRQASLWDFKVMSCNGMINCKRCALCNIFARGNIPWAMYAIFTILCKDVHRYVDQ
P00017,Gene0,MSIHMDTQGIFICRNTARQYSKATPFLGWPAYRQILKTKDMNLTTMEHQHIAENDPYGMEYSHMAHNHHLSIKKCPPENTCPVRIRAYLNFKISQPPFSMFPMWDRHHGDPHFVITYAQTLNSQSILTVYSTSWIGGKENNTRKHLSNHVRGNMYDCGFVSIYMLNGYFKSQIYWQHFVCMIANCVHTQHDGYCTNNTLDYVPNTELMGGKRCEFTIINIWDVWWRGSISVYSMHTTNPLHQATEFYHLTH
P00018,Gene1,MKRIALIWLLLAMWIVMWSANCHMPCHRMCHEMCSHPFTNWHGIPFCKMGHHWGMMHCWEGTFHKAAWGVLMAAPFYAYDVKQTQEFTCFEEGYPFHYAQETQSQSYIDWACRLVQTPAFPQDRWTDSQNNMTITYMCLLMGENMPFGAGVKRIWSGGDLAQENGMNLVHHMEYAPVKKKLCGRDMGDMRPYLGRVVHRVVYKCIYCMHGLFMACAWCYENYVAAQEFMPSPCSGQATMWDMFTHLMDYLLQNRLLWALCTHHYKCQTAKYWEIPEKKVNLMHKGWSRHSFSAWFHWFTIACRYVMLEFEPPVCSAWKDHLALK
P00019,Gene2,MKRIAMAVFAWWWLAIAFCKTAWGFCKQEERIESESNSWIGLFVLLHVAHAREYLKCQSACHLYAPAFSRTSPMTTCPQMLDTRKLIPVFGTMYSKCFAEEDKNLCMLGVCCLSNAISVPRNILQFVWRGMMYYVVLCKQWLEGQERSHTWWTGMSIMHWLKERPCCSKPDKPCIKSCGIFKAKLEDLRMQGNPTSDCMKDVYRQCTILVWIIDDNTETQWKNFMYDRQMYIENIGRNSSYYEMPKENKPSGLPHWWTPPCLPKAQSYRATPRSSCTMIYDNYSQST
